,MRW,HRGV,GLEN
0,0.0009778199182929037,0.0005658484834361375,0.003722028567239246
